Q9t 1,Q9t 2,Q9t 3,Q9t 4,Q9t 5,Q9t 6,Q9t 7,Q9t 8,Q9t 9,Q9t 10,Q9t 11
How satisfied were you with the following session/activity: The 'Student to Student Session',How satisfied were you with the following session/activity: 'Highlander Welcome',How satisfied were you with the following session/activity: Financial Aid,How satisfied were you with the following session/activity: Maintaining Your Wellness as a College Student (CAPS),How satisfied were you with the following session/activity: Campus Safety and Hazing Prevention,How satisfied were you with the following session/activity: The 'Involvement Fair',How satisfied were you with the following session/activity: CARE/Office of Civil Rights,How satisfied were you with the following session/activity: 'Building Common Ground',How satisfied were you with the following session/activity: Workshop Rotation 1,How satisfied were you with the following session/activity: Workshop Rotation 2,How satisfied were you with the following session/activity: Workshop Rotation 3
,,,,,,,,,,
,,,,,,,,,,
,,,,,,,,,,
,,,,,,,,,,
,,,,,,,,,,
,,,,,,,,,,
,,,,,,,,,,
Very Satisfied,Very Satisfied,Satisfied,Satisfied,Satisfied,N/A or Don't Remember,Satisfied,Satisfied,Satisfied,N/A or Don't Remember,Very Satisfied
,,,,,,,,,,
,,,,,,,,,,
,,,,,,,,,,
,,,,,,,,,,
,,,,,,,,,,
,,,,,,,,,,
,,,,,,,,,,
,,,,,,,,,,
Satisfied,Very Satisfied,Satisfied,Satisfied,Satisfied,Very Satisfied,Satisfied,Very Satisfied,Not Satisfied,Not Satisfied,Very Satisfied
,,,,,,,,,,
,,,,,,,,,,
,,,,,,,,,,
,,,,,,,,,,
,,,,,,,,,,
Very Satisfied,Very Satisfied,Satisfied,Satisfied,Very Satisfied,Very Satisfied,Satisfied,Very Satisfied,Not Satisfied,Very Satisfied,Satisfied
,,,,,,,,,,
,,,,,,,,,,
,,,,,,,,,,
,,,,,,,,,,
,,,,,,,,,,
,,,,,,,,,,
,,,,,,,,,,
,,,,,,,,,,
,,,,,,,,,,
,,,,,,,,,,
,,,,,,,,,,
,,,,,,,,,,
,,,,,,,,,,
,,,,,,,,,,
,,,,,,,,,,
,,,,,,,,,,
,,,,,,,,,,
,,,,,,,,,,
,,,,,,,,,,
,,,,,,,,,,
,,,,,,,,,,
,,,,,,,,,,
,,,,,,,,,,
,,,,,,,,,,
,,,,,,,,,,
,,,,,,,,,,
,,,,,,,,,,
,,,,,,,,,,
,,,,,,,,,,
,,,,,,,,,,
Very Dissatisfied,Satisfied,Not Satisfied,Not Satisfied,Not Satisfied,Satisfied,Very Dissatisfied,Satisfied,Very Dissatisfied,Very Dissatisfied,Very Dissatisfied
,,,,,,,,,,
,,,,,,,,,,
,,,,,,,,,,
,,,,,,,,,,
,,,,,,,,,,
,,,,,,,,,,
,,,,,,,,,,
,,,,,,,,,,
,,,,,,,,,,
,,,,,,,,,,
,,,,,,,,,,
,,,,,,,,,,
,,,,,,,,,,
,,,,,,,,,,
,,,,,,,,,,
,,,,,,,,,,
,,,,,,,,,,
,,,,,,,,,,
,,,,,,,,,,
Satisfied,Very Satisfied,Very Satisfied,Satisfied,Satisfied,Very Satisfied,Very Satisfied,Satisfied,Satisfied,Satisfied,Satisfied
,,,,,,,,,,
Satisfied,Satisfied,Very Satisfied,Satisfied,Satisfied,Very Satisfied,Satisfied,Satisfied,N/A or Don't Remember,Very Satisfied,Very Satisfied
,,,,,,,,,,
N/A or Don't Remember,Not Satisfied,Satisfied,Satisfied,Not Satisfied,Not Satisfied,Not Satisfied,Not Satisfied,N/A or Don't Remember,N/A or Don't Remember,N/A or Don't Remember
,,,,,,,,,,
,,,,,,,,,,
Satisfied,Very Satisfied,Satisfied,Satisfied,Very Satisfied,Not Satisfied,Satisfied,Very Satisfied,Very Satisfied,N/A or Don't Remember,Very Satisfied
,,,,,,,,,,
,,,,,,,,,,
Very Satisfied,Very Satisfied,Very Satisfied,Very Satisfied,Very Satisfied,Very Satisfied,Very Satisfied,Very Satisfied,N/A or Don't Remember,N/A or Don't Remember,N/A or Don't Remember
,,,,,,,,,,
,,,,,,,,,,
,,,,,,,,,,
,,,,,,,,,,
,,,,,,,,,,
,,,,,,,,,,
,,,,,,,,,,
,,,,,,,,,,
,,,,,,,,,,
Satisfied,Satisfied,Very Satisfied,Very Satisfied,Very Satisfied,Satisfied,Very Satisfied,Very Satisfied,Very Satisfied,Very Satisfied,Very Satisfied
,,,,,,,,,,
,,,,,,,,,,
,,,,,,,,,,
,,,,,,,,,,
,,,,,,,,,,
,,,,,,,,,,
,,,,,,,,,,
,,,,,,,,,,
,,,,,,,,,,
Not Satisfied,Satisfied,Satisfied,Satisfied,Very Satisfied,Very Satisfied,Very Satisfied,Very Satisfied,Not Satisfied,Not Satisfied,Satisfied
,,,,,,,,,,
,,,,,,,,,,
,,,,,,,,,,
,,,,,,,,,,
,,,,,,,,,,
,,,,,,,,,,
,,,,,,,,,,
,,,,,,,,,,
,,,,,,,,,,
,,,,,,,,,,
,,,,,,,,,,
,,,,,,,,,,
,,,,,,,,,,
,,,,,,,,,,
,,,,,,,,,,
,,,,,,,,,,
,,,,,,,,,,
,,,,,,,,,,
,,,,,,,,,,
,,,,,,,,,,
,,,,,,,,,,
,,,,,,,,,,
,,,,,,,,,,
Satisfied,Satisfied,Satisfied,Very Satisfied,Very Satisfied,Satisfied,Satisfied,Satisfied,N/A or Don't Remember,Very Satisfied,Very Satisfied
,,,,,,,,,,
,,,,,,,,,,
,,,,,,,,,,
,,,,,,,,,,
,,,,,,,,,,
,,,,,,,,,,
,,,,,,,,,,
,,,,,,,,,,
,,,,,,,,,,
,,,,,,,,,,
,,,,,,,,,,
,,,,,,,,,,
,,,,,,,,,,
,,,,,,,,,,
,,,,,,,,,,
,,,,,,,,,,
,,,,,,,,,,
,,,,,,,,,,
,,,,,,,,,,
,,,,,,,,,,
,,,,,,,,,,
,,,,,,,,,,
,,,,,,,,,,
,,,,,,,,,,
Satisfied,Satisfied,Very Satisfied,Satisfied,Satisfied,Very Satisfied,Satisfied,Satisfied,Satisfied,Satisfied,Very Satisfied
,,,,,,,,,,
,,,,,,,,,,
,,,,,,,,,,
,,,,,,,,,,
,,,,,,,,,,
N/A or Don't Remember,Not Satisfied,Satisfied,Satisfied,Satisfied,Satisfied,Very Satisfied,Very Satisfied,N/A or Don't Remember,N/A or Don't Remember,N/A or Don't Remember
,,,,,,,,,,
,,,,,,,,,,
,,,,,,,,,,
,,,,,,,,,,
,,,,,,,,,,
,,,,,,,,,,
,,,,,,,,,,
,,,,,,,,,,
Satisfied,Very Satisfied,Satisfied,Very Satisfied,Very Satisfied,Very Satisfied,Very Satisfied,Very Satisfied,Very Satisfied,Very Satisfied,Very Satisfied
,,,,,,,,,,
,,,,,,,,,,
,,,,,,,,,,
,,,,,,,,,,
,,,,,,,,,,
,,,,,,,,,,
,,,,,,,,,,
,,,,,,,,,,
,,,,,,,,,,
,,,,,,,,,,
,,,,,,,,,,
,,,,,,,,,,
Satisfied,Satisfied,Satisfied,Satisfied,Satisfied,Satisfied,Satisfied,Very Satisfied,Satisfied,Satisfied,Satisfied
,,,,,,,,,,
,,,,,,,,,,
,,,,,,,,,,
,,,,,,,,,,
,,,,,,,,,,
,,,,,,,,,,
,,,,,,,,,,
,,,,,,,,,,
,,,,,,,,,,
,,,,,,,,,,
,,,,,,,,,,
,,,,,,,,,,
,,,,,,,,,,
,,,,,,,,,,
,,,,,,,,,,
,,,,,,,,,,
,,,,,,,,,,
,,,,,,,,,,
Satisfied,Satisfied,Satisfied,Satisfied,Satisfied,Satisfied,Satisfied,Satisfied,Satisfied,Satisfied,Satisfied
,,,,,,,,,,
,,,,,,,,,,
,,,,,,,,,,
,,,,,,,,,,
,,,,,,,,,,
,,,,,,,,,,
,,,,,,,,,,
,,,,,,,,,,
,,,,,,,,,,
Very Satisfied,Satisfied,Satisfied,Very Satisfied,Very Satisfied,Not Satisfied,Satisfied,Satisfied,Very Satisfied,Very Satisfied,Very Satisfied
,,,,,,,,,,
Very Satisfied,Very Satisfied,Very Satisfied,Very Satisfied,Very Satisfied,Very Satisfied,N/A or Don't Remember,N/A or Don't Remember,N/A or Don't Remember,N/A or Don't Remember,N/A or Don't Remember
,,,,,,,,,,
,,,,,,,,,,
,,,,,,,,,,
,,,,,,,,,,
,,,,,,,,,,
,,,,,,,,,,
,,,,,,,,,,
,,,,,,,,,,
,,,,,,,,,,
,,,,,,,,,,
,,,,,,,,,,
,,,,,,,,,,
Very Satisfied,Very Satisfied,Very Satisfied,Very Satisfied,Very Satisfied,Very Satisfied,Satisfied,Satisfied,Very Satisfied,Very Satisfied,N/A or Don't Remember
,,,,,,,,,,
,,,,,,,,,,
,,,,,,,,,,
,,,,,,,,,,
Very Satisfied,Very Satisfied,Very Satisfied,Very Satisfied,Very Satisfied,Satisfied,Very Satisfied,Very Satisfied,Very Satisfied,N/A or Don't Remember,N/A or Don't Remember
,,,,,,,,,,
,,,,,,,,,,
,,,,,,,,,,
,,,,,,,,,,
,,,,,,,,,,
,,,,,,,,,,
,,,,,,,,,,
,,,,,,,,,,
,,,,,,,,,,
,,,,,,,,,,
,,,,,,,,,,
,,,,,,,,,,
,,,,,,,,,,
,,,,,,,,,,
,,,,,,,,,,
,,,,,,,,,,
,,,,,,,,,,
,,,,,,,,,,
,,,,,,,,,,
,,,,,,,,,,
,,,,,,,,,,
,,,,,,,,,,
,,,,,,,,,,
,,,,,,,,,,
Satisfied,Satisfied,Satisfied,Satisfied,Satisfied,Satisfied,Not Satisfied,Not Satisfied,N/A or Don't Remember,N/A or Don't Remember,N/A or Don't Remember
,,,,,,,,,,
,,,,,,,,,,
,,,,,,,,,,
,,,,,,,,,,
,,,,,,,,,,
,,,,,,,,,,
Satisfied,Satisfied,Satisfied,Satisfied,Satisfied,Satisfied,Satisfied,Satisfied,Satisfied,Satisfied,Satisfied
,,,,,,,,,,
,,,,,,,,,,
,,,,,,,,,,
,,,,,,,,,,
,,,,,,,,,,
,,,,,,,,,,
,,,,,,,,,,
,,,,,,,,,,
,,,,,,,,,,
,,,,,,,,,,
,,,,,,,,,,
,,,,,,,,,,
,,,,,,,,,,
,,,,,,,,,,
,,,,,,,,,,
,,,,,,,,,,
,,,,,,,,,,
,,,,,,,,,,
,,,,,,,,,,
,,,,,,,,,,
,,,,,,,,,,
,,,,,,,,,,
,,,,,,,,,,
Very Satisfied,Very Satisfied,Very Satisfied,Very Satisfied,Very Satisfied,Very Satisfied,Very Satisfied,Very Satisfied,N/A or Don't Remember,N/A or Don't Remember,N/A or Don't Remember
,,,,,,,,,,
Very Satisfied,Very Satisfied,Very Satisfied,Very Satisfied,Very Satisfied,Very Satisfied,Very Satisfied,Very Satisfied,Very Satisfied,N/A or Don't Remember,N/A or Don't Remember
,,,,,,,,,,
,,,,,,,,,,
,,,,,,,,,,
,,,,,,,,,,
,,,,,,,,,,
N/A or Don't Remember,Satisfied,Satisfied,Satisfied,Satisfied,Not Satisfied,Satisfied,Not Satisfied,N/A or Don't Remember,N/A or Don't Remember,N/A or Don't Remember
,,,,,,,,,,
,,,,,,,,,,
,,,,,,,,,,
,,,,,,,,,,
,,,,,,,,,,
,,,,,,,,,,
,,,,,,,,,,
Very Satisfied,Very Satisfied,Very Satisfied,Very Satisfied,Very Satisfied,Very Satisfied,Very Satisfied,Very Satisfied,Satisfied,Satisfied,Satisfied
,,,,,,,,,,
,,,,,,,,,,
,,,,,,,,,,
,,,,,,,,,,
,,,,,,,,,,
,,,,,,,,,,
,,,,,,,,,,
,,,,,,,,,,
,,,,,,,,,,
,,,,,,,,,,
,,,,,,,,,,
,,,,,,,,,,
,,,,,,,,,,
,,,,,,,,,,
,,,,,,,,,,
,,,,,,,,,,
,,,,,,,,,,
,,,,,,,,,,
,,,,,,,,,,
,,,,,,,,,,
,,,,,,,,,,
,,,,,,,,,,
,,,,,,,,,,
,,,,,,,,,,
,,,,,,,,,,
Not Satisfied,Satisfied,Satisfied,Satisfied,Satisfied,Satisfied,Satisfied,Satisfied,Satisfied,Satisfied,Satisfied
,,,,,,,,,,
,,,,,,,,,,
,,,,,,,,,,
,,,,,,,,,,
,,,,,,,,,,
,,,,,,,,,,
,,,,,,,,,,
,,,,,,,,,,
,,,,,,,,,,
,,,,,,,,,,
,,,,,,,,,,
,,,,,,,,,,
,,,,,,,,,,
,,,,,,,,,,
,,,,,,,,,,
,,,,,,,,,,
,,,,,,,,,,
,,,,,,,,,,
,,,,,,,,,,
,,,,,,,,,,
,,,,,,,,,,
,,,,,,,,,,
,,,,,,,,,,
,,,,,,,,,,
,,,,,,,,,,
,,,,,,,,,,
,,,,,,,,,,
,,,,,,,,,,
,,,,,,,,,,
,,,,,,,,,,
,,,,,,,,,,
,,,,,,,,,,
,,,,,,,,,,
,,,,,,,,,,
,,,,,,,,,,
,,,,,,,,,,
,,,,,,,,,,
,,,,,,,,,,
Satisfied,Satisfied,Not Satisfied,Satisfied,Satisfied,Not Satisfied,Satisfied,Satisfied,Satisfied,Satisfied,Very Satisfied
Satisfied,Satisfied,Satisfied,Very Dissatisfied,Satisfied,Satisfied,Very Satisfied,Very Satisfied,Satisfied,Satisfied,Satisfied
,,,,,,,,,,
,,,,,,,,,,
,,,,,,,,,,
,,,,,,,,,,
,,,,,,,,,,
,,,,,,,,,,
,,,,,,,,,,
,,,,,,,,,,
,,,,,,,,,,
,,,,,,,,,,
,,,,,,,,,,
Very Satisfied,Very Satisfied,Very Satisfied,Satisfied,Very Satisfied,Very Satisfied,Very Satisfied,Not Satisfied,Very Satisfied,Very Satisfied,Very Satisfied
,,,,,,,,,,
,,,,,,,,,,
,,,,,,,,,,
,,,,,,,,,,
Satisfied,Satisfied,Satisfied,Satisfied,Satisfied,Satisfied,Satisfied,Satisfied,Very Dissatisfied,Satisfied,Satisfied
,,,,,,,,,,
,,,,,,,,,,
,,,,,,,,,,
,,,,,,,,,,
,,,,,,,,,,
,,,,,,,,,,
,,,,,,,,,,
,,,,,,,,,,
,,,,,,,,,,
,,,,,,,,,,
,,,,,,,,,,
,,,,,,,,,,
,,,,,,,,,,
,,,,,,,,,,
,,,,,,,,,,
,,,,,,,,,,
,,,,,,,,,,
,,,,,,,,,,
,,,,,,,,,,
,,,,,,,,,,
,,,,,,,,,,
,,,,,,,,,,
,,,,,,,,,,
,,,,,,,,,,
,,,,,,,,,,
,,,,,,,,,,
,,,,,,,,,,
,,,,,,,,,,
,,,,,,,,,,
,,,,,,,,,,
Very Satisfied,Very Satisfied,Very Satisfied,Very Satisfied,Very Satisfied,Very Satisfied,Very Satisfied,Very Satisfied,Very Satisfied,Very Satisfied,Very Satisfied
,,,,,,,,,,
,,,,,,,,,,
,,,,,,,,,,
,,,,,,,,,,
,,,,,,,,,,
,,,,,,,,,,
,,,,,,,,,,
,,,,,,,,,,
,,,,,,,,,,
,,,,,,,,,,
,,,,,,,,,,
,,,,,,,,,,
,,,,,,,,,,
,,,,,,,,,,
,,,,,,,,,,
,,,,,,,,,,
,,,,,,,,,,
,,,,,,,,,,
,,,,,,,,,,
,,,,,,,,,,
,,,,,,,,,,
,,,,,,,,,,
,,,,,,,,,,
,,,,,,,,,,
,,,,,,,,,,
,,,,,,,,,,
,,,,,,,,,,
,,,,,,,,,,
,,,,,,,,,,
,,,,,,,,,,
,,,,,,,,,,
,,,,,,,,,,
,,,,,,,,,,
,,,,,,,,,,
,,,,,,,,,,
,,,,,,,,,,
,,,,,,,,,,
,,,,,,,,,,
,,,,,,,,,,
,,,,,,,,,,
,,,,,,,,,,
,,,,,,,,,,
Not Satisfied,Satisfied,Satisfied,Not Satisfied,Satisfied,Not Satisfied,Satisfied,Satisfied,N/A or Don't Remember,N/A or Don't Remember,N/A or Don't Remember
,,,,,,,,,,
,,,,,,,,,,
,,,,,,,,,,
,,,,,,,,,,
,,,,,,,,,,
,,,,,,,,,,
,,,,,,,,,,
,,,,,,,,,,
,,,,,,,,,,
Satisfied,Satisfied,Satisfied,Satisfied,Satisfied,Satisfied,Satisfied,Not Satisfied,Satisfied,Satisfied,Satisfied
,,,,,,,,,,
,,,,,,,,,,
,,,,,,,,,,
,,,,,,,,,,
,,,,,,,,,,
,,,,,,,,,,
,,,,,,,,,,
,,,,,,,,,,
,,,,,,,,,,
,,,,,,,,,,
,,,,,,,,,,
,,,,,,,,,,
N/A or Don't Remember,N/A or Don't Remember,Not Satisfied,Satisfied,Very Satisfied,Very Satisfied,Satisfied,Satisfied,Very Satisfied,Very Satisfied,Very Satisfied
,,,,,,,,,,
Satisfied,N/A or Don't Remember,Satisfied,Satisfied,Satisfied,Satisfied,Satisfied,Satisfied,N/A or Don't Remember,N/A or Don't Remember,N/A or Don't Remember
Very Dissatisfied,Not Satisfied,Satisfied,Very Satisfied,N/A or Don't Remember,Very Satisfied,Satisfied,Not Satisfied,Very Dissatisfied,Not Satisfied,Satisfied
,,,,,,,,,,
,,,,,,,,,,
,,,,,,,,,,
,,,,,,,,,,
,,,,,,,,,,
,,,,,,,,,,
Very Satisfied,Very Satisfied,Very Satisfied,Satisfied,Satisfied,Very Satisfied,Very Satisfied,Very Satisfied,Very Satisfied,Satisfied,Very Satisfied
,,,,,,,,,,
,,,,,,,,,,
,,,,,,,,,,
,,,,,,,,,,
,,,,,,,,,,
,,,,,,,,,,
Satisfied,Satisfied,Satisfied,Very Satisfied,N/A or Don't Remember,Satisfied,Satisfied,Very Satisfied,Very Satisfied,N/A or Don't Remember,N/A or Don't Remember
Satisfied,Satisfied,Very Satisfied,Satisfied,Satisfied,Satisfied,Satisfied,Very Satisfied,Very Satisfied,N/A or Don't Remember,N/A or Don't Remember
,,,,,,,,,,
,,,,,,,,,,
,,,,,,,,,,
,,,,,,,,,,
,,,,,,,,,,
,,,,,,,,,,
,,,,,,,,,,
,,,,,,,,,,
,,,,,,,,,,
,,,,,,,,,,
,,,,,,,,,,
,,,,,,,,,,
,,,,,,,,,,
,,,,,,,,,,
,,,,,,,,,,
,,,,,,,,,,
,,,,,,,,,,
,,,,,,,,,,
,,,,,,,,,,
,,,,,,,,,,
,,,,,,,,,,
,,,,,,,,,,
,,,,,,,,,,
,,,,,,,,,,
,,,,,,,,,,
,,,,,,,,,,
,,,,,,,,,,
,,,,,,,,,,
Satisfied,Satisfied,Satisfied,Satisfied,Satisfied,Satisfied,Satisfied,Satisfied,Satisfied,Not Satisfied,N/A or Don't Remember
,,,,,,,,,,
,,,,,,,,,,
,,,,,,,,,,
,,,,,,,,,,
,,,,,,,,,,
,,,,,,,,,,
N/A or Don't Remember,Very Satisfied,Very Satisfied,Very Satisfied,Very Satisfied,Satisfied,Very Satisfied,Very Satisfied,N/A or Don't Remember,Very Satisfied,N/A or Don't Remember
,,,,,,,,,,
,,,,,,,,,,
Satisfied,Satisfied,Satisfied,Satisfied,Satisfied,Satisfied,Satisfied,Very Satisfied,Satisfied,Satisfied,Satisfied
,,,,,,,,,,
,,,,,,,,,,
,,,,,,,,,,
,,,,,,,,,,
,,,,,,,,,,
,,,,,,,,,,
,,,,,,,,,,
,,,,,,,,,,
,,,,,,,,,,
,,,,,,,,,,
,,,,,,,,,,
,,,,,,,,,,
,,,,,,,,,,
,,,,,,,,,,
,,,,,,,,,,
,,,,,,,,,,
,,,,,,,,,,
,,,,,,,,,,
,,,,,,,,,,
,,,,,,,,,,
,,,,,,,,,,
,,,,,,,,,,
,,,,,,,,,,
,,,,,,,,,,
,,,,,,,,,,
,,,,,,,,,,
Satisfied,Satisfied,Satisfied,Satisfied,Very Satisfied,Very Satisfied,Very Satisfied,Satisfied,Satisfied,Satisfied,Satisfied
Satisfied,Very Satisfied,Very Satisfied,Very Satisfied,Very Satisfied,Very Satisfied,Very Satisfied,Satisfied,Very Satisfied,Very Satisfied,Very Satisfied
,,,,,,,,,,
,,,,,,,,,,
,,,,,,,,,,
,,,,,,,,,,
,,,,,,,,,,
,,,,,,,,,,
,,,,,,,,,,
,,,,,,,,,,
,,,,,,,,,,
,,,,,,,,,,
,,,,,,,,,,
,,,,,,,,,,
,,,,,,,,,,
,,,,,,,,,,
,,,,,,,,,,
,,,,,,,,,,
Very Satisfied,Very Satisfied,Very Satisfied,Very Satisfied,Very Satisfied,Very Satisfied,Very Satisfied,Very Satisfied,Very Satisfied,Very Satisfied,Very Satisfied
,,,,,,,,,,
,,,,,,,,,,
,,,,,,,,,,
,,,,,,,,,,
,,,,,,,,,,
,,,,,,,,,,
,,,,,,,,,,
,,,,,,,,,,
,,,,,,,,,,
,,,,,,,,,,
,,,,,,,,,,
,,,,,,,,,,
,,,,,,,,,,
,,,,,,,,,,
,,,,,,,,,,
,,,,,,,,,,
,,,,,,,,,,
,,,,,,,,,,
,,,,,,,,,,
,,,,,,,,,,
,,,,,,,,,,
,,,,,,,,,,
,,,,,,,,,,
,,,,,,,,,,
,,,,,,,,,,
,,,,,,,,,,
,,,,,,,,,,
,,,,,,,,,,
,,,,,,,,,,
,,,,,,,,,,
,,,,,,,,,,
Satisfied,Satisfied,Satisfied,Satisfied,Satisfied,Satisfied,Satisfied,Satisfied,Satisfied,Satisfied,N/A or Don't Remember
,,,,,,,,,,
,,,,,,,,,,
,,,,,,,,,,
,,,,,,,,,,
Satisfied,Very Satisfied,Very Satisfied,Very Satisfied,Very Satisfied,Satisfied,Very Satisfied,Very Satisfied,Satisfied,Satisfied,Satisfied
Satisfied,Satisfied,Very Satisfied,Satisfied,Satisfied,Satisfied,Satisfied,Very Satisfied,Satisfied,Satisfied,Satisfied
,,,,,,,,,,
,,,,,,,,,,
,,,,,,,,,,
,,,,,,,,,,
,,,,,,,,,,
,,,,,,,,,,
,,,,,,,,,,
,,,,,,,,,,
,,,,,,,,,,
,,,,,,,,,,
N/A or Don't Remember,Satisfied,Satisfied,Satisfied,Satisfied,Satisfied,Very Satisfied,Not Satisfied,Satisfied,Satisfied,Satisfied
,,,,,,,,,,
,,,,,,,,,,
,,,,,,,,,,
,,,,,,,,,,
,,,,,,,,,,
,,,,,,,,,,
,,,,,,,,,,
Satisfied,Satisfied,Very Satisfied,Satisfied,Very Satisfied,Very Satisfied,Satisfied,Satisfied,Satisfied,Satisfied,Very Satisfied
,,,,,,,,,,
,,,,,,,,,,
Very Satisfied,Very Satisfied,Very Satisfied,Very Satisfied,Very Satisfied,Very Satisfied,Very Satisfied,Very Satisfied,Very Satisfied,Very Satisfied,Very Satisfied
,,,,,,,,,,
,,,,,,,,,,
,,,,,,,,,,
,,,,,,,,,,
,,,,,,,,,,
,,,,,,,,,,
Very Satisfied,Very Satisfied,Satisfied,Very Satisfied,Very Satisfied,Very Satisfied,Very Satisfied,Very Satisfied,Very Satisfied,Very Satisfied,Very Satisfied
,,,,,,,,,,
,,,,,,,,,,
,,,,,,,,,,
,,,,,,,,,,
,,,,,,,,,,
,,,,,,,,,,
,,,,,,,,,,
,,,,,,,,,,
,,,,,,,,,,
,,,,,,,,,,
,,,,,,,,,,
,,,,,,,,,,
,,,,,,,,,,
,,,,,,,,,,
,,,,,,,,,,
Satisfied,Satisfied,Satisfied,Satisfied,Satisfied,Satisfied,Satisfied,Satisfied,Satisfied,Satisfied,Satisfied
,,,,,,,,,,
,,,,,,,,,,
,,,,,,,,,,
,,,,,,,,,,
,,,,,,,,,,
,,,,,,,,,,
,,,,,,,,,,
,,,,,,,,,,
,,,,,,,,,,
,,,,,,,,,,
,,,,,,,,,,
,,,,,,,,,,
,,,,,,,,,,
,,,,,,,,,,
,,,,,,,,,,
Satisfied,Satisfied,Satisfied,Satisfied,Satisfied,Not Satisfied,Satisfied,Very Satisfied,Satisfied,Satisfied,Satisfied
,,,,,,,,,,
,,,,,,,,,,
,,,,,,,,,,
,,,,,,,,,,
,,,,,,,,,,
,,,,,,,,,,
,,,,,,,,,,
,,,,,,,,,,
,,,,,,,,,,
,,,,,,,,,,
,,,,,,,,,,
Satisfied,Satisfied,Satisfied,Very Satisfied,Very Satisfied,Satisfied,Satisfied,Very Dissatisfied,Very Satisfied,N/A or Don't Remember,N/A or Don't Remember
,,,,,,,,,,
,,,,,,,,,,
,,,,,,,,,,
,,,,,,,,,,
,,,,,,,,,,
,,,,,,,,,,
,,,,,,,,,,
,,,,,,,,,,
,,,,,,,,,,
,,,,,,,,,,
,,,,,,,,,,
,,,,,,,,,,
,,,,,,,,,,
,,,,,,,,,,
Satisfied,Satisfied,Satisfied,Satisfied,Satisfied,Very Satisfied,Satisfied,Satisfied,Very Satisfied,Satisfied,Satisfied
Satisfied,Satisfied,Satisfied,Satisfied,Satisfied,Satisfied,Satisfied,Very Satisfied,Satisfied,Satisfied,Satisfied
Satisfied,Satisfied,Very Satisfied,Satisfied,Satisfied,Very Satisfied,Satisfied,Satisfied,Very Satisfied,Very Satisfied,Very Satisfied
,,,,,,,,,,
,,,,,,,,,,
,,,,,,,,,,
,,,,,,,,,,
,,,,,,,,,,
,,,,,,,,,,
,,,,,,,,,,
,,,,,,,,,,
,,,,,,,,,,
Satisfied,Satisfied,Satisfied,Satisfied,Satisfied,Satisfied,Satisfied,Satisfied,Satisfied,Satisfied,Satisfied
,,,,,,,,,,
,,,,,,,,,,
,,,,,,,,,,
,,,,,,,,,,
Very Satisfied,Satisfied,Satisfied,Very Satisfied,Very Satisfied,Satisfied,Satisfied,Very Satisfied,Satisfied,Satisfied,Not Satisfied
,,,,,,,,,,
,,,,,,,,,,
,,,,,,,,,,
,,,,,,,,,,
,,,,,,,,,,
,,,,,,,,,,
,,,,,,,,,,
Not Satisfied,Not Satisfied,Satisfied,Not Satisfied,Not Satisfied,Not Satisfied,Satisfied,Not Satisfied,Satisfied,Satisfied,N/A or Don't Remember
,,,,,,,,,,
,,,,,,,,,,
,,,,,,,,,,
,,,,,,,,,,
,,,,,,,,,,
,,,,,,,,,,
,,,,,,,,,,
,,,,,,,,,,
,,,,,,,,,,
Very Satisfied,Very Satisfied,Satisfied,Very Satisfied,Very Satisfied,Satisfied,Satisfied,Very Satisfied,Satisfied,Satisfied,Satisfied
,,,,,,,,,,
,,,,,,,,,,
,,,,,,,,,,
,,,,,,,,,,
,,,,,,,,,,
,,,,,,,,,,
,,,,,,,,,,
,,,,,,,,,,
,,,,,,,,,,
,,,,,,,,,,
Very Satisfied,Very Satisfied,Very Satisfied,Very Satisfied,Very Satisfied,Very Satisfied,Very Satisfied,Very Satisfied,Satisfied,Very Satisfied,Very Satisfied
,,,,,,,,,,
,,,,,,,,,,
,,,,,,,,,,
,,,,,,,,,,
,,,,,,,,,,
,,,,,,,,,,
Very Satisfied,Very Satisfied,Very Satisfied,Very Satisfied,Very Satisfied,Very Satisfied,Very Satisfied,Very Satisfied,Very Satisfied,Very Satisfied,Very Satisfied
,,,,,,,,,,
,,,,,,,,,,
,,,,,,,,,,
,,,,,,,,,,
,,,,,,,,,,
,,,,,,,,,,
,,,,,,,,,,
,,,,,,,,,,
,,,,,,,,,,
Very Satisfied,Very Satisfied,Very Satisfied,Very Satisfied,Very Satisfied,Very Satisfied,Very Satisfied,Satisfied,Very Satisfied,Very Satisfied,Very Satisfied
,,,,,,,,,,
,,,,,,,,,,
,,,,,,,,,,
,,,,,,,,,,
,,,,,,,,,,
,,,,,,,,,,
,,,,,,,,,,
,,,,,,,,,,
,,,,,,,,,,
,,,,,,,,,,
,,,,,,,,,,
,,,,,,,,,,
,,,,,,,,,,
,,,,,,,,,,
,,,,,,,,,,
,,,,,,,,,,
,,,,,,,,,,
,,,,,,,,,,
,,,,,,,,,,
,,,,,,,,,,
,,,,,,,,,,
,,,,,,,,,,
,,,,,,,,,,
,,,,,,,,,,
,,,,,,,,,,
,,,,,,,,,,
,,,,,,,,,,
,,,,,,,,,,
,,,,,,,,,,
,,,,,,,,,,
Very Satisfied,Very Satisfied,Very Satisfied,Very Satisfied,Very Satisfied,Very Satisfied,Very Satisfied,Very Satisfied,Very Satisfied,Very Satisfied,Very Satisfied
,,,,,,,,,,
,,,,,,,,,,
,,,,,,,,,,
,,,,,,,,,,
,,,,,,,,,,
,,,,,,,,,,
,,,,,,,,,,
,,,,,,,,,,
,,,,,,,,,,
,,,,,,,,,,
,,,,,,,,,,
Very Satisfied,Very Satisfied,Very Satisfied,Very Satisfied,Very Satisfied,Very Satisfied,Very Satisfied,Very Satisfied,Very Satisfied,Very Satisfied,Very Satisfied
,,,,,,,,,,
,,,,,,,,,,
,,,,,,,,,,
,,,,,,,,,,
,,,,,,,,,,
,,,,,,,,,,
,,,,,,,,,,
,,,,,,,,,,
Satisfied,Satisfied,Very Satisfied,Satisfied,Very Satisfied,Satisfied,Very Satisfied,Very Satisfied,Satisfied,Not Satisfied,Not Satisfied
,,,,,,,,,,
,,,,,,,,,,
,,,,,,,,,,
,,,,,,,,,,
,,,,,,,,,,
,,,,,,,,,,
,,,,,,,,,,
,,,,,,,,,,
,,,,,,,,,,
,,,,,,,,,,
,,,,,,,,,,
,,,,,,,,,,
Satisfied,Satisfied,Very Satisfied,Satisfied,Satisfied,Very Satisfied,Satisfied,Satisfied,Satisfied,N/A or Don't Remember,Very Satisfied
,,,,,,,,,,
,,,,,,,,,,
Very Satisfied,Very Satisfied,Satisfied,Very Satisfied,Very Satisfied,Not Satisfied,Very Satisfied,Very Satisfied,Very Satisfied,Very Satisfied,Very Satisfied
,,,,,,,,,,
,,,,,,,,,,
,,,,,,,,,,
,,,,,,,,,,
,,,,,,,,,,
,,,,,,,,,,
Satisfied,Satisfied,Satisfied,Satisfied,Satisfied,Satisfied,Satisfied,Not Satisfied,Satisfied,Satisfied,Satisfied
,,,,,,,,,,
,,,,,,,,,,
,,,,,,,,,,
,,,,,,,,,,
,,,,,,,,,,
,,,,,,,,,,
,,,,,,,,,,
,,,,,,,,,,
,,,,,,,,,,
,,,,,,,,,,
,,,,,,,,,,
Very Satisfied,Satisfied,Satisfied,Very Satisfied,Very Satisfied,Not Satisfied,Not Satisfied,Very Satisfied,Very Satisfied,Satisfied,N/A or Don't Remember
,,,,,,,,,,
,,,,,,,,,,
,,,,,,,,,,
,,,,,,,,,,
N/A or Don't Remember,N/A or Don't Remember,N/A or Don't Remember,N/A or Don't Remember,N/A or Don't Remember,N/A or Don't Remember,N/A or Don't Remember,N/A or Don't Remember,N/A or Don't Remember,N/A or Don't Remember,N/A or Don't Remember
,,,,,,,,,,
,,,,,,,,,,
,,,,,,,,,,
,,,,,,,,,,
,,,,,,,,,,
Very Satisfied,Very Satisfied,Very Satisfied,Very Satisfied,Very Satisfied,Not Satisfied,Very Satisfied,Very Satisfied,Very Satisfied,Satisfied,Satisfied
,,,,,,,,,,
,,,,,,,,,,
,,,,,,,,,,
,,,,,,,,,,
,,,,,,,,,,
,,,,,,,,,,
,,,,,,,,,,
,,,,,,,,,,
,,,,,,,,,,
,,,,,,,,,,
,,,,,,,,,,
,,,,,,,,,,
,,,,,,,,,,
,,,,,,,,,,
,,,,,,,,,,
,,,,,,,,,,
,,,,,,,,,,
,,,,,,,,,,
,,,,,,,,,,
Very Dissatisfied,Very Dissatisfied,Very Dissatisfied,Very Dissatisfied,Very Dissatisfied,Very Dissatisfied,Very Dissatisfied,Very Dissatisfied,N/A or Don't Remember,N/A or Don't Remember,N/A or Don't Remember
,,,,,,,,,,
,,,,,,,,,,
,,,,,,,,,,
,,,,,,,,,,
Very Dissatisfied,Very Dissatisfied,Very Dissatisfied,Very Dissatisfied,Very Dissatisfied,Very Dissatisfied,Very Dissatisfied,Very Dissatisfied,Very Dissatisfied,Very Dissatisfied,Very Dissatisfied
,,,,,,,,,,
,,,,,,,,,,
,,,,,,,,,,
Satisfied,Very Satisfied,Satisfied,Satisfied,Satisfied,Very Satisfied,Satisfied,Satisfied,Very Satisfied,Very Satisfied,Very Satisfied
Satisfied,Satisfied,Satisfied,Satisfied,Satisfied,Very Satisfied,Satisfied,Very Satisfied,N/A or Don't Remember,N/A or Don't Remember,N/A or Don't Remember
,,,,,,,,,,
,,,,,,,,,,
,,,,,,,,,,
,,,,,,,,,,
,,,,,,,,,,
,,,,,,,,,,
,,,,,,,,,,
,,,,,,,,,,
,,,,,,,,,,
,,,,,,,,,,
,,,,,,,,,,
,,,,,,,,,,
,,,,,,,,,,
,,,,,,,,,,
,,,,,,,,,,
Very Satisfied,Satisfied,Satisfied,Satisfied,Satisfied,Satisfied,Satisfied,Satisfied,Satisfied,Satisfied,Satisfied
,,,,,,,,,,
,,,,,,,,,,
,,,,,,,,,,
,,,,,,,,,,
Very Satisfied,Very Satisfied,Very Satisfied,Satisfied,Satisfied,Very Satisfied,Satisfied,Very Satisfied,Satisfied,Satisfied,Very Satisfied
,,,,,,,,,,
,,,,,,,,,,
,,,,,,,,,,
,,,,,,,,,,
,,,,,,,,,,
,,,,,,,,,,
,,,,,,,,,,
,,,,,,,,,,
,,,,,,,,,,
Satisfied,Satisfied,Satisfied,Satisfied,Satisfied,Satisfied,Satisfied,Satisfied,Satisfied,Satisfied,Satisfied
,,,,,,,,,,
,,,,,,,,,,
Very Satisfied,Very Satisfied,Satisfied,Satisfied,Satisfied,Not Satisfied,Satisfied,Satisfied,Satisfied,Satisfied,Satisfied
,,,,,,,,,,
,,,,,,,,,,
,,,,,,,,,,
Satisfied,Satisfied,Satisfied,Satisfied,Satisfied,Satisfied,Satisfied,Satisfied,Very Satisfied,Satisfied,Satisfied
,,,,,,,,,,
,,,,,,,,,,
,,,,,,,,,,
,,,,,,,,,,
,,,,,,,,,,
,,,,,,,,,,
,,,,,,,,,,
,,,,,,,,,,
,,,,,,,,,,
,,,,,,,,,,
,,,,,,,,,,
,,,,,,,,,,
,,,,,,,,,,
,,,,,,,,,,
,,,,,,,,,,
,,,,,,,,,,
,,,,,,,,,,
,,,,,,,,,,
,,,,,,,,,,
,,,,,,,,,,
,,,,,,,,,,
Satisfied,Satisfied,Satisfied,Satisfied,Satisfied,Very Satisfied,Satisfied,Satisfied,Satisfied,Satisfied,Satisfied
,,,,,,,,,,
,,,,,,,,,,
,,,,,,,,,,
,,,,,,,,,,
,,,,,,,,,,
,,,,,,,,,,
,,,,,,,,,,
,,,,,,,,,,
,,,,,,,,,,
,,,,,,,,,,
Very Satisfied,Very Satisfied,Very Satisfied,Very Satisfied,Satisfied,Satisfied,Satisfied,Very Dissatisfied,N/A or Don't Remember,N/A or Don't Remember,N/A or Don't Remember
,,,,,,,,,,
,,,,,,,,,,
,,,,,,,,,,
,,,,,,,,,,
,,,,,,,,,,
,,,,,,,,,,
Satisfied,Very Satisfied,Satisfied,Satisfied,Very Satisfied,Very Satisfied,Very Satisfied,Satisfied,Satisfied,Satisfied,Not Satisfied
,,,,,,,,,,
,,,,,,,,,,
Satisfied,Satisfied,Not Satisfied,Satisfied,Satisfied,Satisfied,Satisfied,Very Satisfied,Satisfied,Not Satisfied,Not Satisfied
,,,,,,,,,,
Satisfied,Satisfied,Satisfied,Satisfied,Satisfied,Satisfied,Satisfied,Satisfied,N/A or Don't Remember,N/A or Don't Remember,N/A or Don't Remember
Satisfied,Satisfied,Satisfied,Satisfied,Satisfied,Satisfied,Satisfied,Satisfied,N/A or Don't Remember,N/A or Don't Remember,N/A or Don't Remember
,,,,,,,,,,
,,,,,,,,,,
,,,,,,,,,,
,,,,,,,,,,
,,,,,,,,,,
,,,,,,,,,,
,,,,,,,,,,
,,,,,,,,,,
,,,,,,,,,,
Very Satisfied,Very Satisfied,Very Satisfied,Very Satisfied,Very Satisfied,Very Satisfied,Very Satisfied,Very Satisfied,Satisfied,Satisfied,Satisfied
,,,,,,,,,,
,,,,,,,,,,
,,,,,,,,,,
Satisfied,Very Satisfied,Satisfied,Satisfied,Very Satisfied,Satisfied,Very Satisfied,Satisfied,Satisfied,Satisfied,Satisfied
,,,,,,,,,,
,,,,,,,,,,
Satisfied,Very Satisfied,Very Satisfied,Very Satisfied,Very Satisfied,Very Satisfied,Satisfied,Very Satisfied,Satisfied,Satisfied,Satisfied
,,,,,,,,,,
,,,,,,,,,,
,,,,,,,,,,
,,,,,,,,,,
,,,,,,,,,,
Very Satisfied,Very Satisfied,Very Satisfied,Very Satisfied,Very Satisfied,Very Satisfied,Very Satisfied,Very Satisfied,N/A or Don't Remember,N/A or Don't Remember,N/A or Don't Remember
,,,,,,,,,,
,,,,,,,,,,
,,,,,,,,,,
,,,,,,,,,,
,,,,,,,,,,
,,,,,,,,,,
,,,,,,,,,,
,,,,,,,,,,
,,,,,,,,,,
,,,,,,,,,,
,,,,,,,,,,
,,,,,,,,,,
,,,,,,,,,,
,,,,,,,,,,
,,,,,,,,,,
,,,,,,,,,,
,,,,,,,,,,
,,,,,,,,,,
Very Satisfied,Very Satisfied,Very Satisfied,Very Satisfied,Very Satisfied,Very Satisfied,Very Satisfied,Not Satisfied,Satisfied,Satisfied,Satisfied
,,,,,,,,,,
,,,,,,,,,,
Very Satisfied,Very Satisfied,Very Satisfied,Very Satisfied,Very Satisfied,Very Satisfied,Very Satisfied,Very Satisfied,N/A or Don't Remember,Very Satisfied,N/A or Don't Remember
,,,,,,,,,,
,,,,,,,,,,
Satisfied,Satisfied,Satisfied,Satisfied,Satisfied,N/A or Don't Remember,Satisfied,Satisfied,Satisfied,N/A or Don't Remember,N/A or Don't Remember
,,,,,,,,,,
,,,,,,,,,,
,,,,,,,,,,
,,,,,,,,,,
Satisfied,Very Satisfied,Very Satisfied,N/A or Don't Remember,Very Satisfied,N/A or Don't Remember,N/A or Don't Remember,N/A or Don't Remember,Satisfied,Satisfied,Satisfied
,,,,,,,,,,
,,,,,,,,,,
,,,,,,,,,,
Very Satisfied,Very Satisfied,Very Satisfied,Very Satisfied,Very Satisfied,Very Satisfied,Very Satisfied,Very Satisfied,Very Satisfied,Very Satisfied,Very Satisfied
,,,,,,,,,,
,,,,,,,,,,
,,,,,,,,,,
,,,,,,,,,,
Satisfied,Very Satisfied,Very Satisfied,Very Satisfied,Satisfied,Very Satisfied,Satisfied,Satisfied,Very Satisfied,Very Satisfied,Very Satisfied
,,,,,,,,,,
,,,,,,,,,,
,,,,,,,,,,
,,,,,,,,,,
,,,,,,,,,,
,,,,,,,,,,
,,,,,,,,,,
,,,,,,,,,,
,,,,,,,,,,
,,,,,,,,,,
,,,,,,,,,,
,,,,,,,,,,
,,,,,,,,,,
,,,,,,,,,,
Satisfied,N/A or Don't Remember,Satisfied,N/A or Don't Remember,Satisfied,Very Satisfied,Very Satisfied,Very Satisfied,Satisfied,Satisfied,Very Satisfied
,,,,,,,,,,
,,,,,,,,,,
,,,,,,,,,,
,,,,,,,,,,
,,,,,,,,,,
,,,,,,,,,,
,,,,,,,,,,
,,,,,,,,,,
,,,,,,,,,,
,,,,,,,,,,
,,,,,,,,,,
,,,,,,,,,,
,,,,,,,,,,
,,,,,,,,,,
,,,,,,,,,,
,,,,,,,,,,
,,,,,,,,,,
,,,,,,,,,,
Satisfied,Very Satisfied,Satisfied,Very Satisfied,Very Satisfied,Satisfied,Satisfied,Satisfied,Very Satisfied,Very Satisfied,Very Satisfied
,,,,,,,,,,
,,,,,,,,,,
,,,,,,,,,,
,,,,,,,,,,
,,,,,,,,,,
,,,,,,,,,,
,,,,,,,,,,
,,,,,,,,,,
,,,,,,,,,,
,,,,,,,,,,
,,,,,,,,,,
,,,,,,,,,,
,,,,,,,,,,
,,,,,,,,,,
Very Satisfied,Very Satisfied,Very Satisfied,Very Satisfied,Very Satisfied,Very Satisfied,Very Satisfied,Very Satisfied,Very Satisfied,Very Satisfied,Very Satisfied
,,,,,,,,,,
,,,,,,,,,,
,,,,,,,,,,
,,,,,,,,,,
,,,,,,,,,,
,,,,,,,,,,
,,,,,,,,,,
,,,,,,,,,,
,,,,,,,,,,
,,,,,,,,,,
,,,,,,,,,,
,,,,,,,,,,
,,,,,,,,,,
,,,,,,,,,,
Very Satisfied,Very Satisfied,Very Satisfied,Very Satisfied,Very Satisfied,Very Satisfied,Very Satisfied,Very Satisfied,Very Satisfied,Very Satisfied,Very Satisfied
,,,,,,,,,,
,,,,,,,,,,
,,,,,,,,,,
,,,,,,,,,,
,,,,,,,,,,
,,,,,,,,,,
,,,,,,,,,,
,,,,,,,,,,
,,,,,,,,,,
,,,,,,,,,,
,,,,,,,,,,
,,,,,,,,,,
Satisfied,Very Satisfied,Satisfied,Satisfied,Very Satisfied,Satisfied,Very Satisfied,Very Satisfied,Satisfied,Satisfied,Satisfied
,,,,,,,,,,
,,,,,,,,,,
,,,,,,,,,,
,,,,,,,,,,
,,,,,,,,,,
,,,,,,,,,,
,,,,,,,,,,
,,,,,,,,,,
Very Satisfied,Very Satisfied,Very Satisfied,Very Satisfied,Very Satisfied,Very Satisfied,Very Satisfied,Very Satisfied,N/A or Don't Remember,N/A or Don't Remember,N/A or Don't Remember
,,,,,,,,,,
,,,,,,,,,,
Very Satisfied,Very Satisfied,Very Satisfied,Very Satisfied,Very Satisfied,Very Satisfied,Very Satisfied,Very Satisfied,Satisfied,Satisfied,Satisfied
,,,,,,,,,,
,,,,,,,,,,
,,,,,,,,,,
,,,,,,,,,,
,,,,,,,,,,
,,,,,,,,,,
,,,,,,,,,,
,,,,,,,,,,
,,,,,,,,,,
,,,,,,,,,,
,,,,,,,,,,
,,,,,,,,,,
,,,,,,,,,,
,,,,,,,,,,
,,,,,,,,,,
,,,,,,,,,,
N/A or Don't Remember,Very Satisfied,Satisfied,Very Satisfied,Very Satisfied,Very Satisfied,Satisfied,Not Satisfied,Very Satisfied,N/A or Don't Remember,N/A or Don't Remember
,,,,,,,,,,
,,,,,,,,,,
,,,,,,,,,,
,,,,,,,,,,
,,,,,,,,,,
,,,,,,,,,,
Very Satisfied,Very Satisfied,Very Satisfied,Satisfied,Satisfied,Satisfied,Satisfied,Satisfied,Satisfied,Satisfied,Satisfied
Satisfied,Satisfied,Satisfied,Satisfied,Satisfied,Satisfied,Satisfied,Satisfied,Satisfied,Satisfied,Satisfied
,,,,,,,,,,
,,,,,,,,,,
Very Satisfied,Very Satisfied,Very Satisfied,Very Satisfied,Very Satisfied,Very Satisfied,Not Satisfied,Not Satisfied,Satisfied,Satisfied,Satisfied
,,,,,,,,,,
,,,,,,,,,,
,,,,,,,,,,
,,,,,,,,,,
Satisfied,Not Satisfied,Very Dissatisfied,Satisfied,N/A or Don't Remember,Satisfied,Satisfied,Very Dissatisfied,Satisfied,Satisfied,Satisfied
,,,,,,,,,,
Very Satisfied,Very Satisfied,Very Satisfied,Very Satisfied,Very Satisfied,Very Satisfied,Very Satisfied,Very Satisfied,Very Satisfied,Very Satisfied,Very Satisfied
,,,,,,,,,,
,,,,,,,,,,
,,,,,,,,,,
,,,,,,,,,,
,,,,,,,,,,
,,,,,,,,,,
,,,,,,,,,,
,,,,,,,,,,
,,,,,,,,,,
,,,,,,,,,,
,,,,,,,,,,
Very Satisfied,Very Satisfied,Very Satisfied,Very Satisfied,Very Satisfied,Very Satisfied,Very Satisfied,Very Satisfied,Very Satisfied,Very Satisfied,Very Satisfied
,,,,,,,,,,
,,,,,,,,,,
Satisfied,Satisfied,Satisfied,Satisfied,Satisfied,Not Satisfied,Satisfied,Satisfied,Satisfied,Satisfied,Satisfied
,,,,,,,,,,
,,,,,,,,,,
,,,,,,,,,,
,,,,,,,,,,
,,,,,,,,,,
,,,,,,,,,,
,,,,,,,,,,
,,,,,,,,,,
,,,,,,,,,,
,,,,,,,,,,
,,,,,,,,,,
,,,,,,,,,,
,,,,,,,,,,
,,,,,,,,,,
,,,,,,,,,,
Very Satisfied,Very Satisfied,Very Satisfied,Very Satisfied,Very Satisfied,Very Satisfied,Very Satisfied,Very Satisfied,Very Satisfied,Very Satisfied,Very Satisfied
,,,,,,,,,,
,,,,,,,,,,
Very Satisfied,Very Satisfied,Very Satisfied,Very Satisfied,Very Satisfied,Very Satisfied,Very Satisfied,Satisfied,Satisfied,Satisfied,Satisfied
N/A or Don't Remember,Satisfied,Satisfied,Satisfied,Satisfied,Not Satisfied,Satisfied,Satisfied,Satisfied,Satisfied,Satisfied
,,,,,,,,,,
,,,,,,,,,,
Very Satisfied,Very Satisfied,Very Satisfied,Very Satisfied,Very Satisfied,Very Satisfied,Very Satisfied,Not Satisfied,N/A or Don't Remember,N/A or Don't Remember,N/A or Don't Remember
,,,,,,,,,,
,,,,,,,,,,
,,,,,,,,,,
,,,,,,,,,,
,,,,,,,,,,
,,,,,,,,,,
,,,,,,,,,,
,,,,,,,,,,
,,,,,,,,,,
,,,,,,,,,,
,,,,,,,,,,
,,,,,,,,,,
,,,,,,,,,,
,,,,,,,,,,
Satisfied,Satisfied,Satisfied,Satisfied,Satisfied,Satisfied,Satisfied,Satisfied,Satisfied,Satisfied,Satisfied
,,,,,,,,,,
,,,,,,,,,,
,,,,,,,,,,
,,,,,,,,,,
,,,,,,,,,,
,,,,,,,,,,
,,,,,,,,,,
,,,,,,,,,,
,,,,,,,,,,
,,,,,,,,,,
,,,,,,,,,,
,,,,,,,,,,
,,,,,,,,,,
,,,,,,,,,,
,,,,,,,,,,
,,,,,,,,,,
,,,,,,,,,,
,,,,,,,,,,
,,,,,,,,,,
,,,,,,,,,,
Very Satisfied,Satisfied,Very Satisfied,Very Satisfied,Satisfied,Satisfied,Very Satisfied,Very Satisfied,N/A or Don't Remember,N/A or Don't Remember,N/A or Don't Remember
,,,,,,,,,,
,,,,,,,,,,
,,,,,,,,,,
,,,,,,,,,,
Very Satisfied,Very Satisfied,Very Satisfied,Very Satisfied,Very Satisfied,Very Satisfied,Very Satisfied,Very Satisfied,Very Satisfied,Very Satisfied,Very Satisfied
,,,,,,,,,,
,,,,,,,,,,
,,,,,,,,,,
,,,,,,,,,,
,,,,,,,,,,
Satisfied,Satisfied,Satisfied,Satisfied,Satisfied,Satisfied,Satisfied,Satisfied,Satisfied,Satisfied,Satisfied
,,,,,,,,,,
,,,,,,,,,,
,,,,,,,,,,
,,,,,,,,,,
,,,,,,,,,,
,,,,,,,,,,
,,,,,,,,,,
,,,,,,,,,,
,,,,,,,,,,
,,,,,,,,,,
,,,,,,,,,,
,,,,,,,,,,
,,,,,,,,,,
,,,,,,,,,,
,,,,,,,,,,
,,,,,,,,,,
,,,,,,,,,,
,,,,,,,,,,
Very Satisfied,Very Satisfied,Very Satisfied,Very Satisfied,Very Satisfied,Very Satisfied,Very Satisfied,Very Dissatisfied,N/A or Don't Remember,N/A or Don't Remember,N/A or Don't Remember
,,,,,,,,,,
,,,,,,,,,,
,,,,,,,,,,
,,,,,,,,,,
,,,,,,,,,,
,,,,,,,,,,
,,,,,,,,,,
,,,,,,,,,,
,,,,,,,,,,
,,,,,,,,,,
Very Satisfied,Very Satisfied,Very Satisfied,Very Satisfied,Very Satisfied,Satisfied,Satisfied,Satisfied,Very Satisfied,Satisfied,Satisfied
,,,,,,,,,,
,,,,,,,,,,
,,,,,,,,,,
Very Satisfied,Very Satisfied,Very Satisfied,Very Satisfied,Very Satisfied,Very Satisfied,Satisfied,Very Satisfied,N/A or Don't Remember,N/A or Don't Remember,N/A or Don't Remember
,,,,,,,,,,
,,,,,,,,,,
Very Satisfied,Very Satisfied,Very Satisfied,Very Satisfied,Very Satisfied,Very Satisfied,Very Satisfied,Very Satisfied,N/A or Don't Remember,N/A or Don't Remember,N/A or Don't Remember
,,,,,,,,,,
,,,,,,,,,,
,,,,,,,,,,
,,,,,,,,,,
,,,,,,,,,,
,,,,,,,,,,
Satisfied,Satisfied,Satisfied,Satisfied,Satisfied,Satisfied,Satisfied,Satisfied,Satisfied,Satisfied,Satisfied
,,,,,,,,,,
,,,,,,,,,,
,,,,,,,,,,
,,,,,,,,,,
,,,,,,,,,,
,,,,,,,,,,
,,,,,,,,,,
,,,,,,,,,,
,,,,,,,,,,
,,,,,,,,,,
,,,,,,,,,,
,,,,,,,,,,
,,,,,,,,,,
,,,,,,,,,,
,,,,,,,,,,
Satisfied,Satisfied,Very Satisfied,Satisfied,Very Satisfied,Satisfied,Satisfied,Very Satisfied,Satisfied,Satisfied,Satisfied
,,,,,,,,,,
,,,,,,,,,,
,,,,,,,,,,
Very Satisfied,Very Satisfied,Very Satisfied,Very Satisfied,Very Satisfied,Very Satisfied,Very Satisfied,Very Satisfied,Very Satisfied,Very Satisfied,Very Satisfied
Very Satisfied,Very Satisfied,Very Satisfied,Very Satisfied,Very Satisfied,Very Satisfied,Very Satisfied,Very Satisfied,Very Satisfied,Very Satisfied,Very Satisfied
,,,,,,,,,,
,,,,,,,,,,
,,,,,,,,,,
,,,,,,,,,,
Satisfied,Satisfied,N/A or Don't Remember,Satisfied,Satisfied,Satisfied,Satisfied,Satisfied,N/A or Don't Remember,N/A or Don't Remember,Very Satisfied
,,,,,,,,,,
,,,,,,,,,,
Satisfied,Satisfied,Satisfied,Satisfied,Satisfied,Satisfied,Satisfied,Satisfied,Satisfied,Satisfied,Satisfied
,,,,,,,,,,
,,,,,,,,,,
,,,,,,,,,,
,,,,,,,,,,
,,,,,,,,,,
,,,,,,,,,,
,,,,,,,,,,
,,,,,,,,,,
,,,,,,,,,,
,,,,,,,,,,
,,,,,,,,,,
,,,,,,,,,,
,,,,,,,,,,
,,,,,,,,,,
,,,,,,,,,,
,,,,,,,,,,
,,,,,,,,,,
,,,,,,,,,,
,,,,,,,,,,
,,,,,,,,,,
,,,,,,,,,,
,,,,,,,,,,
,,,,,,,,,,
,,,,,,,,,,
,,,,,,,,,,
,,,,,,,,,,
,,,,,,,,,,
,,,,,,,,,,
Satisfied,Satisfied,Satisfied,Satisfied,Satisfied,Not Satisfied,Very Satisfied,Satisfied,N/A or Don't Remember,Very Satisfied,Very Satisfied
,,,,,,,,,,
,,,,,,,,,,
Very Satisfied,Very Satisfied,Very Satisfied,Very Satisfied,Very Satisfied,Very Satisfied,Very Satisfied,Very Satisfied,N/A or Don't Remember,Very Satisfied,Very Satisfied
,,,,,,,,,,
,,,,,,,,,,
,,,,,,,,,,
,,,,,,,,,,
Very Satisfied,Very Satisfied,Very Satisfied,Very Satisfied,Very Satisfied,Satisfied,Very Satisfied,Very Satisfied,Very Satisfied,Very Satisfied,Very Satisfied
,,,,,,,,,,
,,,,,,,,,,
,,,,,,,,,,
,,,,,,,,,,
,,,,,,,,,,
,,,,,,,,,,
Very Satisfied,Very Satisfied,Very Satisfied,Very Satisfied,Very Satisfied,Very Satisfied,Very Satisfied,Very Satisfied,Very Satisfied,Very Satisfied,Very Satisfied
,,,,,,,,,,
,,,,,,,,,,
,,,,,,,,,,
,,,,,,,,,,
,,,,,,,,,,
,,,,,,,,,,
,,,,,,,,,,
,,,,,,,,,,
,,,,,,,,,,
,,,,,,,,,,
,,,,,,,,,,
,,,,,,,,,,
,,,,,,,,,,
,,,,,,,,,,
,,,,,,,,,,
,,,,,,,,,,
,,,,,,,,,,
,,,,,,,,,,
,,,,,,,,,,
,,,,,,,,,,
,,,,,,,,,,
,,,,,,,,,,
,,,,,,,,,,
,,,,,,,,,,
,,,,,,,,,,
,,,,,,,,,,
,,,,,,,,,,
,,,,,,,,,,
,,,,,,,,,,
,,,,,,,,,,
,,,,,,,,,,
,,,,,,,,,,
,,,,,,,,,,
,,,,,,,,,,
,,,,,,,,,,
,,,,,,,,,,
,,,,,,,,,,
,,,,,,,,,,
,,,,,,,,,,
,,,,,,,,,,
Very Satisfied,Very Satisfied,Very Satisfied,Very Satisfied,Satisfied,Satisfied,Satisfied,Very Dissatisfied,Very Satisfied,Very Satisfied,Very Satisfied
,,,,,,,,,,
,,,,,,,,,,
,,,,,,,,,,
,,,,,,,,,,
,,,,,,,,,,
,,,,,,,,,,
,,,,,,,,,,
,,,,,,,,,,
,,,,,,,,,,
,,,,,,,,,,
,,,,,,,,,,
Satisfied,Satisfied,Satisfied,Satisfied,Satisfied,Satisfied,Satisfied,Satisfied,Satisfied,Satisfied,Satisfied
,,,,,,,,,,
,,,,,,,,,,
,,,,,,,,,,
,,,,,,,,,,
,,,,,,,,,,
,,,,,,,,,,
Satisfied,Satisfied,Satisfied,Satisfied,Satisfied,N/A or Don't Remember,Satisfied,Satisfied,Very Satisfied,N/A or Don't Remember,N/A or Don't Remember
,,,,,,,,,,
,,,,,,,,,,
Very Satisfied,Satisfied,Satisfied,Satisfied,Satisfied,Satisfied,Very Satisfied,Very Satisfied,Satisfied,Satisfied,Satisfied
,,,,,,,,,,
Very Satisfied,Very Satisfied,Very Satisfied,Very Satisfied,Very Satisfied,Very Satisfied,Very Satisfied,Very Satisfied,Very Satisfied,Very Satisfied,Very Satisfied
,,,,,,,,,,
,,,,,,,,,,
,,,,,,,,,,
,,,,,,,,,,
,,,,,,,,,,
,,,,,,,,,,
,,,,,,,,,,
N/A or Don't Remember,Satisfied,Satisfied,Satisfied,N/A or Don't Remember,Not Satisfied,N/A or Don't Remember,Satisfied,Satisfied,Satisfied,N/A or Don't Remember
,,,,,,,,,,
,,,,,,,,,,
,,,,,,,,,,
,,,,,,,,,,
,,,,,,,,,,
,,,,,,,,,,
,,,,,,,,,,
,,,,,,,,,,
,,,,,,,,,,
,,,,,,,,,,
,,,,,,,,,,
,,,,,,,,,,
,,,,,,,,,,
,,,,,,,,,,
,,,,,,,,,,
,,,,,,,,,,
,,,,,,,,,,
,,,,,,,,,,
Very Satisfied,Very Satisfied,Very Satisfied,Very Satisfied,Very Satisfied,Very Satisfied,Very Satisfied,Very Satisfied,Very Satisfied,Very Satisfied,Very Satisfied
Satisfied,Satisfied,Satisfied,Satisfied,Satisfied,Satisfied,Satisfied,Satisfied,Satisfied,Satisfied,Satisfied
,,,,,,,,,,
Very Satisfied,Satisfied,Very Satisfied,Satisfied,Very Satisfied,N/A or Don't Remember,Satisfied,Very Satisfied,N/A or Don't Remember,N/A or Don't Remember,N/A or Don't Remember
,,,,,,,,,,
,,,,,,,,,,
,,,,,,,,,,
,,,,,,,,,,
,,,,,,,,,,
,,,,,,,,,,
